{
    "id": 1,
    "position": [
        586953.585266113,
        4141198.226562500,
        0
    ],
    "theta": 1.293764803,
    "length": 4.933,
    "width": 2.11,
    "height": 1.48,
    "speed": 0.0,
    "tracking_time": 1.0,
    "type": "VEHICLE"
}